{"learning_rate": 0.06747457003643396, "max_depth": 13, "min_child_weight": 2.9086247495456297, "reg_alpha": 0.0336024341737309, "reg_lambda": 0.09443435014609765}